product_id,quantity
163,331
180,76.5
179,21
208,497
274,496
237,436
250,189
176,173
285,390
280,284
116,448
294,84
125,295
211,347
118,343
167,134
210,316
162,147
162,266
208,449.5
107,387
284,31
297,400
287,425
207,318
210,29
136,78
148,305
185,414
209,210
222,418
273,434
257,97
289,470
142,399
215,201
231,345
189,202
107,112
285,17
265,378
224,384
267,95
182,331.5
279,239
293,466
290,376
148,261
133,359
166,308
157,479
113,446
278,397
210,127
224,420
205,260
263,211
100,289
164,36
263,335
212,122
263,17
227,157
218,293
212,211
225,121
197,78.5
174,228.5
244,320
152,63
297,55
192,115
155,113
270,384
290,120
165,240
103,461
295,434
182,94
103,21
261,239
202,312
236,325
138,91
231,244
238,372
146,438
117,291
253,381
189,500
134,74
238,482
155,254
265,195
216,229
234,109.5
189,43
232,64
276,39
270,233
286,250
208,225
244,377
261,161
190,279
176,393
102,321
216,338
191,474
228,289
128,15
196,235
241,21
100,418
193,298
280,390
278,463
194,195
271,10
246,487
130,73
128,452
208,412
152,472
177,309
246,446
100,65
298,79
128,13
293,135
272,473
252,15
144,310
258,239
182,81
112,118
182,437
172,433
164,425
208,311
185,490
153,14
220,473
210,305
127,287
252,294
262,133
251,438
106,143.5
101,274
159,416
168,342.5
202,360
165,185.5
143,138.5
297,415.5
128,195
156,68
195,221
102,108
114,177
198,212
211,419
122,433
158,13
261,238
103,41
263,425
283,14
129,395
243,31
296,137
234,409
226,223
235,148
250,252
286,433
148,438
142,32
215,439
163,285
148,301
188,138
150,48
285,378
161,257
159,230
257,491
230,18
146,298
102,416
218,233
297,346
110,239
227,488
199,157
182,140
119,368
257,170
164,182
163,230.5
293,374
225,499
177,213
237,150
103,190
140,187
238,166
255,450
178,111
292,437
204,251
295,64
137,77
160,138
186,453
189,488
141,467
296,349
131,353.5
177,382
122,192
141,357
136,283.5
186,65
229,277
245,426
218,143
252,28
178,30.5
117,390
203,351
166,311
184,250.5
245,96
294,19
179,254.5
219,345
204,320
150,295
137,120
206,180
178,345
231,149
298,328
248,161
284,427
250,483
143,500
227,473
254,190
252,233
209,381
251,339
132,182
113,218
274,157
151,287
180,193
236,77
119,316
193,299
263,295
100,246
220,119
243,318
204,396
150,368
297,33
174,45
129,322
280,484
203,239
206,301
172,355
106,378
278,339
250,333.5
208,254
110,196
268,394
219,424
260,242.5
148,210
152,91
273,244
194,39
197,213
260,207
201,379
113,379
243,394
190,178
130,181
238,421
197,185
225,11
298,463
137,316.5
295,420
129,495
198,449
136,384
108,85
297,356
274,447.5
207,481
149,289
269,138
149,216
129,248.5
158,409
252,41
180,24
124,380
264,105
181,369
136,241.5
166,170
201,92
287,221
190,313
239,391.5
285,18
119,336
229,467
216,92
244,131
113,298
111,86
196,140
168,344
185,318
171,278
147,486
262,386
131,57
289,461
109,89
110,281
295,291
229,40
267,34
133,407
172,133
295,178
226,62
128,36
195,433
251,459
229,15
102,322
267,54
197,255
156,12
185,480
125,377
158,201
276,227
293,426
228,351
170,41.5
237,326.5
163,316
271,276
296,288
101,170
210,39
146,406
236,224
177,493
134,189
234,265
296,389.5
220,420
212,483
276,301
231,339
163,16
213,396
183,106
123,173
233,482
203,226
233,129
260,399
296,173
235,59
154,369
239,248
215,111
270,69
234,243
294,219
106,400
297,353
185,360
251,171
196,473
232,333
111,280
101,97
229,388
220,187
208,394
218,475
135,58
212,390
208,266
225,481
218,240
171,470
214,361
276,365
257,444
294,333
147,64
166,327
211,402
159,12.5
134,248
111,431
162,437
297,391
279,115
125,410
220,392
242,400
204,262
268,353
104,241
283,213
261,281
292,475
109,269
257,43
262,482
275,395
123,123
144,246
108,181
194,236
237,100
271,483
118,302
200,30
210,327
202,34
138,204
240,44
183,280
124,82
185,330
201,70
134,406
256,190
277,265.5
241,56
235,21
110,334
214,312
152,233
272,105
286,295
123,343
264,288.5
197,391
275,328.5
107,398
258,35
114,156
106,287
130,404
280,160
148,471
274,377
140,292
290,261
139,141
174,161
248,148.5
286,109
240,106
195,155
181,105
275,155
180,41
291,201.5
169,262
160,416
158,362
208,34
271,397
255,95
269,378
221,159
127,120
224,204
131,102
278,42
126,129
186,232
297,165
172,10.5
188,138
271,356
213,493
127,174
189,250
102,478
241,499
280,488
160,247
217,104
103,494
144,330
281,290.5
163,482
222,429
292,163
257,451
273,12
241,147
222,73
152,359
135,126
202,83
184,225
117,445
105,291
237,479.5
241,48
202,174
286,87
129,255
132,144
256,128
132,288
179,203
295,469
259,429
230,78
232,326
133,60
259,236
130,119.5
137,356
291,454
121,75
274,139
221,500
283,393
203,391
230,89
291,275
268,302
112,95
184,413
250,31
213,453.5
145,404
245,493
284,411
128,246
123,16
214,156
252,252
137,396
286,172
221,110
149,411
126,356
280,472
155,105
248,136
239,390
240,59.5
236,52
261,26
180,431
160,406
238,282
267,29
287,144
228,303.5
292,227
194,142
163,467
111,395
212,256
126,113
280,220
191,300
203,392
134,352
203,44
208,415.5
113,278
210,308
231,293
203,281
251,292
292,286
229,312
191,253
163,474.5
203,450
275,391
270,385
299,361
203,83
246,123
170,492
147,195
276,165
296,71
167,184
100,10
261,144
117,465
202,299
203,12
267,413
264,369
271,244
282,22
295,490
105,390
236,217
112,368
299,407
279,78
182,205
216,494.5
254,326
199,40
260,137
295,182
204,365
153,152
163,483
130,426
186,187
149,259
106,469
137,230
292,66
122,284.5
243,212
276,478
277,41
197,223.5
215,11
262,327
204,211.5
214,387
106,187.5
192,343.5
196,433
170,38
288,394
298,341
225,364
227,186
213,47
130,48
134,263
284,152
266,69
198,99
277,55
113,79
248,82
294,460
177,351
298,18
224,79
275,258
217,160
272,447
144,220
255,212
109,176
236,103
181,242
298,45
239,469
110,478
134,267
164,425
130,325
112,263
283,236
261,221
170,260
158,321
122,401
144,15
281,387
150,361
139,355
217,51
169,276
297,123
122,133
101,179
158,320
257,99
270,418
187,427
179,354
263,175
220,367
120,433.5
297,11
243,67
137,70
164,322
201,450
275,422
287,363
158,176
121,431
134,497
232,386
227,460
194,404
243,328
128,219
227,479
299,30
219,489
182,152.5
275,254
103,246
204,233
197,87
235,319
287,229
185,227
269,397
222,233
278,250
200,34
157,496
177,196
226,121
211,88
291,193
257,364
265,64
183,157
110,175
226,416
122,208
214,286.5
200,499
193,275
225,97
288,168
201,332
223,57
102,498
173,168
275,257.5
156,300
160,285
122,164
150,213
279,223
191,235
140,23
283,159
137,498
240,186
220,160
173,422
153,275
225,357
152,15
266,344
295,205
220,67.5
231,364
252,251
205,47
224,394
179,14
158,212
159,355
253,471
125,45
289,53
249,451
199,480
239,180
126,36
248,449
244,275
281,408
245,409
157,498
264,197
152,238
258,337
164,126.5
290,184
204,114
258,374
154,243
295,276
217,382.5
283,456
101,383
294,18
175,228
273,386.5
135,70
171,433
158,482
290,119
240,15
293,125
253,417
131,94
106,452
147,405
231,389
172,282
254,187
201,202
134,294
224,426
143,13
123,454
150,388
264,268
270,33
135,118
149,392
251,41
134,217
100,64
132,310
155,296
130,202
102,350
213,43
248,319
124,159
282,90
244,180
201,475
277,214
222,68.5
181,136
232,253.5
167,115
210,22
109,17
273,436
290,344
154,80
222,425.5
210,89
267,182
291,283
225,472
119,232
122,30
250,77
144,211
263,283
282,274
117,469
134,83
119,35
256,427
189,336
105,297
294,310
185,199
257,168
161,439
285,146
195,219
279,41
146,13.5
139,428
121,330
248,304
180,196
120,209
245,22
157,400
232,234
195,415
259,156
149,108
123,315
127,364
161,92.5
222,63
259,217
217,117
159,261
287,410
115,49
213,170
205,249
199,474
154,378
214,267
235,101
248,321
204,170
176,228
256,488
249,193
132,98
187,387
149,84
132,431
236,185
173,335
128,347
275,470
156,278
268,173
142,417
296,358
250,297
107,163
285,189
261,205
232,331
278,236.5
258,154
298,410.5
222,327
129,498
145,26
270,466.5
257,280
156,418
140,417
255,403
229,459
118,62
227,457
184,453
239,43
204,398
243,289
258,141
137,219
265,257
245,60
153,331
266,82
106,39
287,485
299,350
159,72.5
257,430
247,228
245,447
287,119
146,307.5
135,312
117,261
177,280
265,278
130,97
247,286
241,112.5
242,358
205,76
150,18
267,393
272,221.5
192,324.5
224,382
206,130
261,286.5
141,218
290,447
272,120
219,41
186,493
136,473
269,80
104,351
197,117
114,51
296,468
246,138
154,439
154,33
132,356
295,322.5
202,45.5
105,318
160,114
262,499.5
116,244
237,157
265,395
210,52
258,344
290,57
193,157
118,260
275,304
248,445
142,398
212,339
159,184
189,48
215,449
181,490
137,301
193,235
294,66
264,215
256,174.5
247,452
226,182
217,312
262,314.5
153,465
145,222
291,177.5
251,232
223,373
103,460
274,332
239,493
299,493
137,355
139,24
192,413
188,294
215,29
187,79
242,66
136,343
131,319
116,338
162,337
120,185
101,227
240,322
235,66
113,132
122,258
294,416
203,418
124,398
192,428
111,371
157,150
200,181
119,41
168,378
122,464
106,56
149,500
114,248
200,156
154,190
225,371
287,381
110,394
109,117
135,237
119,263
180,455
275,218
137,289
280,86
141,479
193,473
146,175
196,415
184,11
299,95.5
206,373
100,477
156,225
158,213
133,172
194,227
285,226
189,343
113,301
274,347
107,262
126,498
113,34
128,265
226,444
100,481
147,435
166,234
236,472
224,267.5
153,129
224,288
291,437
192,291
270,324
209,430
260,190
299,91
277,270
130,416
193,37
279,378
283,457
272,414
177,112
126,284.5
162,274
226,329
273,471
132,54.5
278,198
262,235
156,163
288,286
284,370.5
142,273
272,302
222,16
192,408
297,145
272,300
240,448
186,459
237,160.5
247,445
283,472
291,268
133,167
168,109
224,340
264,427
143,351
171,482.5
190,109
220,393
205,216
207,415
264,275
226,155
284,425
128,226
255,20
195,206
195,478
269,428
114,237
132,32
138,173.5
144,402
212,270
115,183
158,83
129,469
148,317
282,441
285,49
261,401
119,206
123,114
294,381
136,250
190,12
133,256
284,354
263,468
207,457
130,263
213,318
201,118
159,293
200,125
259,242
282,276
293,46
187,443
196,367
267,197
167,272
225,344
148,338
217,150.5
244,18
177,464
289,336
264,164
208,218
127,135
276,364
216,25
148,40
153,188.5
274,223
108,120
286,162
268,254
270,423
216,96
298,111
201,404
267,96
277,231
195,99
242,470.5
157,69
152,236
135,276
154,142
227,443
147,430
220,230
269,35
215,392.5
263,453
279,339
236,427
262,140
159,412
259,456
197,82
296,125
107,182
192,266
160,125
168,31
228,466
144,262
244,290
177,179.5
269,448.5
100,497
112,349
197,117
114,417
149,411
253,316
225,335
223,22
113,393
190,146
203,400
292,16
293,439
213,421
284,289
149,485
288,135
295,360.5
152,437
188,251
242,421
223,179
264,284
278,363
227,227
137,20
131,214
210,260
290,290
195,92
281,340
211,468
164,181
179,224
268,279
281,233
241,288
222,467
117,78
239,434.5
255,131
288,330
225,145
243,356
105,472
278,214
103,158
227,81
270,323
162,298
236,417
200,331
156,178
138,96
163,239
126,325
274,216
121,105.5
137,403
131,210
223,244
175,258
221,472
205,284
102,10
150,68
274,365
140,157
221,241.5
174,490
293,353
281,207
126,225
262,247
155,400
218,85
283,233
270,202.5
180,166
170,221
220,460
227,155
238,375
243,431
110,414
259,12
186,296
152,347.5
241,14
204,188
242,58
261,225
280,365
261,112
110,406
163,196
227,139
140,467
193,170
284,18.5
209,268
105,340.5
114,162
106,100
161,215
219,161
134,23
262,258
234,323
225,217
238,234
174,316
110,374
281,188
259,150
190,438
295,11
185,19
266,77
147,321
122,209
192,100
218,11
295,496
246,380
103,57
114,252
129,149
225,404.5
272,497
160,127
104,71
176,293
233,478
239,362
224,467
129,184
121,376
190,407
199,310.5
290,407
253,52
186,280
234,475
201,466
124,93
172,92
236,389
152,209
255,268
274,277
165,452
234,408
147,414
110,384
215,363
276,355
242,194
200,35
158,221
201,212
116,198
102,150
189,145
281,216
257,446
106,219
290,361
145,264
159,280.5
187,470.5
251,118.5
117,265
287,365
145,453.5
258,39
171,282
159,91
160,277
215,159
271,30
284,57
232,174
171,438
250,415
208,222
171,32
140,162
118,371
282,454
228,303
111,172
127,471
223,182
252,41
255,144
163,384
182,380
144,268
283,450
219,304
157,362
158,82
139,222.5
228,97
174,317
213,107
117,219
296,53
208,250
293,93
286,156
290,288
268,433
221,189
167,346
252,379
238,76
143,433
268,447
286,387
282,362
140,16
186,86
250,386
133,235
154,468
175,17
171,159
102,169.5
290,385
111,134
288,197.5
212,494.5
297,366
167,500
142,167
142,484
188,160.5
138,178
276,279
120,160
128,337
167,498
211,216
195,426.5
295,485
106,456
227,437
150,171
159,229
271,476
195,290
157,351
273,345
267,291
190,434
243,296
134,450
274,475
232,302.5
127,174
285,25
138,450
256,319.5
116,24
158,141
276,489
188,334
151,327
278,84
299,456
169,71
163,165
241,269
267,475
198,101
177,145
281,365.5
189,379
198,123
148,436.5
182,30
141,37
248,488
234,14
279,61
280,115
175,201
220,329
274,91
231,154
264,120
170,411
227,196
201,469
236,388
293,360
155,277
217,390
232,295
189,111
119,331.5
243,204
120,414
269,281
288,467
163,217
123,405.5
135,252
295,171
283,275
245,119.5
197,399
132,266.5
141,476
138,292
130,399
176,52
237,162
115,500
278,183
217,210
287,437
229,336
270,15
231,144
164,440
282,344
281,387
144,226
130,240
245,118
256,124
199,127
235,39.5
225,429
270,268
224,106
243,376
162,282
111,402
185,131
218,273
209,185
210,348
172,87
256,187
145,411
286,345
205,366
128,469
185,354
174,83
172,350
162,36.5
180,381
180,449
101,45
153,479
194,68
258,382.5
262,157
133,462
114,281
150,133
140,198
293,21
155,83
101,138
245,444
181,352.5
233,146
154,396
192,377
223,277
214,362
249,324
213,197
249,230
159,212
163,361
222,420
264,448
150,224
176,407
297,123
250,398
179,109
157,95
214,257
152,420
221,458
171,478
290,344
257,198
128,53.5
107,113
106,251
218,22
160,230
193,127
207,146
139,15
192,389.5
262,474
252,302.5
264,384
219,482
161,415
276,73
116,216
146,293
246,134
156,187
260,468
145,292
282,298
247,14
144,152
142,90.5
141,178
298,67
131,355
106,42
262,92
212,454
210,228.5
209,208
169,51
250,267
182,156
214,184.5
110,424.5
226,170
227,138
115,257
168,241
294,206
202,442
203,232
190,230
122,205
201,86
139,218
167,289
254,73
220,95
204,18
210,127
271,404.5
271,263
291,279
104,489
191,162
178,11
253,482
168,197
215,52
196,102
118,420
194,153
240,336
250,367
190,336
282,354
127,340
260,422
239,283
250,399
285,202
113,95
131,104
106,350
182,441.5
271,17
184,64
120,179
289,443
283,70
167,293
193,477
113,430
265,306
166,488.5
294,253
279,453
297,445
141,190
248,496
255,247
252,351
297,301
242,271.5
182,407
174,459
215,313
294,129
137,158
205,211
289,223
213,251
189,110
255,272
271,465
147,255
201,84
247,397
206,32
215,133
124,161
206,358
224,28
296,325
270,174.5
154,379
186,170
147,166
152,367
208,450
223,390
156,36
140,17
231,201.5
201,287
118,209
286,235
263,155.5
267,270.5
177,277.5
142,14
170,386
193,236
275,178
292,129
107,184
146,138
183,220.5
124,237.5
230,404
134,423
213,163
153,59
127,208
126,446
234,64
238,229
174,22
175,298
263,156
156,43
288,449
214,302
210,323
280,106
199,20
111,411
285,335
115,190
258,402
241,420
273,470
158,18
178,299
252,159
231,95
217,434.5
105,434
164,447
184,373
254,350
269,27
159,372
174,136
101,305.5
243,343
136,311.5
224,348
186,92
284,330
191,124
121,143
298,401
210,453.5
248,308
291,102
145,223
127,25
236,369
254,437
190,377
183,477
254,43
293,247
299,105
269,247
126,403
190,365
150,310
110,309
191,86
214,151
292,188
276,265
195,388
201,429
247,66
141,133
188,190
134,467.5
123,476
145,401
289,30
171,497
228,332
287,83
178,236
277,68.5
213,76
165,122
210,459.5
214,89
142,112
127,397
106,81
202,222
215,146
177,49
186,313
182,136
185,315.5
213,417
257,171.5
180,347
154,149
202,302
166,393
137,143.5
145,94.5
109,172
224,41
291,439.5
175,454
167,337
279,125
107,128.5
107,411.5
173,414
280,283
257,476
248,443
162,242
168,193
195,275
175,196
145,476
167,84
128,296
187,135
159,264
298,291.5
192,473
254,497
180,254
194,49
144,391
220,112
108,245
279,452
112,333
250,256
103,427
151,31
282,110
187,337
212,473
141,391
189,208
130,105
243,264
253,468
146,337
268,358
220,342
215,459
176,473
146,263
126,341
150,287
156,481
144,161
235,269
165,267
293,347
145,73
104,209
241,379
283,49
177,55
143,476
162,477
164,281
281,269
235,114
158,30
213,258
231,307
299,487
175,229
174,348
104,20
299,47
228,451
144,201
153,442.5
226,495
142,328
248,245
273,82
178,414
124,188
122,203
216,329.5
150,222
174,471
125,51
241,394
170,178
219,256
230,156
103,363
298,410
117,356.5
185,374
214,29
152,100
121,445
129,429
201,270
127,192
144,294
112,30
164,127
193,247
104,387
181,66
271,286
213,329
192,101
116,320
217,284
159,287
273,304
173,350
111,161
124,269
298,251
269,454
147,186
123,241
204,175
205,21
208,110
143,29
120,70
244,209
186,132
158,165
219,57
106,87.5
124,55
170,199
122,295
235,192
165,159
127,159
259,21
291,60
107,318
298,61
130,440.5
223,166
220,40.5
128,354
270,153.5
256,289
192,100
196,124
145,211
126,497
266,392
184,353.5
148,476
202,441
288,61
162,370
115,345
188,11
199,464
139,422
167,259
134,35
102,265
173,163.5
136,126
294,476
178,400
262,162
137,170
238,441
271,349
246,68
292,234
151,195
199,192
242,295
187,385.5
128,393
237,116
229,295.5
234,94
236,228
204,59
262,407
145,402
129,234
249,423
134,47
102,153
261,239
182,258
207,390
125,224
127,373.5
278,390
152,88
268,118
204,143
292,174
163,459
211,309
238,102
279,314
125,161
254,339
244,365
200,303
177,467
257,332
195,237
230,131
135,371
249,233
216,67
265,331
146,232
224,454
250,262
131,173
261,36
280,44
164,126
183,492
223,365
178,105
219,148
118,380
198,290
141,257
187,500
142,117
293,408
247,281
253,13
203,228.5
260,342
135,183
296,58
228,215
267,125
240,196
186,197
105,88
153,163
269,338
111,388.5
257,332
181,395
204,111
133,44
299,134
198,384
210,132
295,251
119,379
106,274
180,394
289,381
212,272
139,382
122,70
269,82
191,285
230,229
265,181
291,83
105,258
110,492
151,257
117,189
126,383
236,168
110,197
299,31
101,357
266,281
210,466
238,253
187,172
132,343
238,406
193,484
171,305
256,111
204,358
146,415
121,109
220,182
286,30.5
121,19
107,260
257,334
291,373
167,69
234,406
248,340
151,88
231,356
281,98
261,344
139,13
144,127
109,402
286,409
284,126
288,473
267,179
258,92
298,500
237,127
270,172.5
192,152
152,60
220,28
113,163
141,198
228,27
128,149
255,160
290,159
180,408
176,369
103,367
148,178
274,419
223,232.5
149,74
210,248.5
249,236
174,114
235,260
224,386.5
237,402
241,203
183,163
248,199
103,317
270,53
144,345
204,279
111,405.5
250,312
225,265
213,115
210,71
140,242
232,258
203,392
280,424
272,183
258,128
137,349
287,171
269,299
112,25
275,138
294,180
296,293
139,253
167,16
107,453
126,217.5
151,372
286,25
134,395
198,341
191,323
282,213
132,126
193,325
149,330
272,371
182,138
202,62
201,33
187,322
118,341
249,311
292,395
101,494
159,424
197,127
292,203
132,455
283,117.5
112,210
152,438
251,278
113,209
212,460
109,370
123,238.5
135,373
174,15
161,206
268,122
279,89
188,339
274,29
273,352
200,151
231,309
241,498
140,317
298,57
281,497.5
179,111
220,91
247,429
264,415
158,58
167,273
214,366
213,248
146,222
290,222
112,321
281,466
259,205
205,266
169,295.5
245,400
249,250
284,469
139,122
134,65
208,96
240,193
283,199
193,353.5
286,283
247,72
228,261
173,166
279,299
248,33
298,203
252,121
223,338
235,63.5
170,348
158,222
287,286
191,407
182,138
147,253
281,489
294,437
182,238
148,495
182,421
287,361
131,480
284,108
242,480
288,440
159,140
253,416
121,105
168,387
116,278.5
135,126
277,454
124,447
241,137
223,424
114,209
225,307
218,465
144,130
206,467
228,39
132,425
146,99
192,466
249,433
159,161
190,472
278,233
180,20
177,34
274,129
290,71
124,477
241,313
222,117.5
106,228
145,396
177,279
207,124
133,265
161,269
248,96
266,61
157,84
262,313
140,178
217,300
170,434
183,426
282,344.5
172,250
136,426.5
290,454.5
172,399
147,350
142,11
244,350
278,182
161,457
118,228
153,444
243,429.5
298,125
216,275
168,123
228,384
110,430
199,492
137,206
275,108
142,435
220,328
160,205
291,54
241,95
134,301
158,400
207,475
257,347
209,350
164,412
149,400
147,168
223,46
288,291
286,136
247,45.5
165,100
107,164
209,214
267,296
272,65
239,26
282,177
266,392
120,57
280,394.5
220,313.5
151,41
171,171
286,341
115,372
114,357
128,400
228,119
228,442
240,265
111,262
167,443
284,159
139,446
209,457
202,80
215,323
198,219
185,423
142,424
170,411
105,204
283,295
122,388
216,433
100,414
137,97
133,360
156,482.5
266,260
177,230
130,480
150,467
188,398
122,296
110,232
208,264
101,188.5
220,237
241,293
267,88
254,465
217,383
216,316.5
207,156
145,467
256,210
222,99
173,476
148,100
240,489
125,76
133,37
260,407
172,396
296,458.5
231,237
166,448
179,337
190,186
165,12
142,381
170,82
135,272
124,84
247,430
102,393
115,406
103,95
170,54
174,164
234,476
139,459
241,366
128,342
280,259
284,306
101,87
270,174
250,308
227,450
103,269
199,243
294,292
165,457
269,185
140,39
249,174
141,387
213,134
275,472
238,225
240,435
284,240
197,169
276,318
151,294
110,377
115,190
232,260
181,80
195,320
148,137
255,154
119,137
264,83
239,390
255,165
245,489
287,434.5
194,332.5
215,239
174,329
112,477
216,140.5
218,14.5
222,221
194,304
176,305
278,243
156,394
118,53.5
188,141
210,458
197,83
227,161
192,424
113,498
144,229
228,162
124,11.5
125,193
260,219
186,56.5
253,69
290,28
133,397
283,204
118,203
235,368
246,274
177,416
170,298
129,255
242,374
233,435
162,71
223,485
127,119.5
175,306
293,453
163,437
212,21
288,465
272,131
181,450
172,366
156,425.5
167,200
258,444
141,425
228,133
186,283
148,209
298,379
209,234
142,347
239,402
265,208
230,134
158,356
290,176
185,478
227,445
134,373
189,249
195,441
171,215
218,331
267,292
149,97
261,70.5
295,241
239,22
247,325
192,280
125,450
191,132
215,437.5
232,302
236,227
143,323
258,351
287,56
263,174
261,314
121,130
136,243
263,206
285,303
184,460
159,310
190,227
271,183
247,324
109,316
128,190.5
112,149.5
162,218.5
212,270
186,193
259,268
191,318
246,119
159,210
174,409
126,465
178,247
230,35
237,375
237,494
269,76
272,430
251,481
134,114
100,338
192,191
126,60
285,421
198,150
257,176
248,491
260,183
111,250
295,81
244,75
113,114
132,452
149,195
271,131
176,252.5
161,279
252,355
199,278
286,366
215,321
156,403
279,199
297,488
149,280
231,420
133,368
136,97
127,134
168,68
260,211
286,265
206,488
131,135
153,22
289,218
245,92
264,12
216,98
242,436
186,454
116,329
153,279
154,384
298,278
291,60
102,361.5
156,357
102,334
101,141
192,485
180,49
185,381
155,187
219,333
281,462.5
203,74
173,279
223,162
298,67
275,419
218,23
235,395
231,219
160,173
151,415
146,210
201,369
213,428
294,140
246,398
238,436
152,11
225,20
268,123
125,89
268,354
126,474
283,493
218,314
277,134
126,312
250,100
166,408
219,170
197,459.5
206,254
282,421
116,367
107,16
190,200.5
200,42
286,439
295,309.5
248,111
232,95
263,495
209,152
263,43
190,288
209,266
284,348.5
286,445
224,458.5
113,104
238,123
191,343
102,60
144,358
211,45
182,290
260,17.5
219,269
215,185
173,490
123,266
199,373
236,68
282,135
200,220.5
196,49
123,133
181,153
210,396
270,191
142,350
121,398
278,21.5
162,408
126,364
196,51
180,293
256,431
264,364
234,111
235,335
199,32
238,334
139,290
158,61
106,212
243,423
197,315
271,205
151,181
234,23
133,378
116,473.5
293,309
221,111
158,405
157,313
171,371
244,292
120,384
291,138
261,52
141,197
255,30.5
260,15
166,481
255,89
198,219
233,195
290,176
173,469
253,379
251,183
147,130
185,227
195,18.5
250,128
187,84
246,132
262,299
113,461
179,293
206,20
138,96
286,60.5
159,341
235,173
133,483
110,168
217,424
148,169
178,372
167,436
208,339
154,133
111,74
256,216
172,78
257,486
143,212
127,173
186,136
250,438
154,242
237,46
246,360
163,180
233,37.5
190,477
283,39
255,123
270,426
200,148
109,254
211,297
190,398
179,405.5
169,488
147,483
219,169
178,259
187,225
122,230.5
162,183
131,497
250,330
197,373.5
128,210
209,468
206,405
266,228
298,403
231,118
239,349
137,73
282,475
146,170
249,326
271,396
259,214
144,252
266,373
161,208
177,242
160,138
104,412
174,289
219,312
293,70
154,432
269,11
246,288
181,36
156,56
217,404
169,268
205,372
146,33
269,330
210,161
233,493
291,201
261,425
181,285
290,183
290,243
106,288.5
118,391
195,340
124,318
234,438
293,429
110,172
224,151
201,136
152,436.5
193,159
164,275
258,34
241,461
217,283
202,100
120,135
283,176
206,209.5
134,192
221,187
129,133
230,160
216,57
160,225
211,34
272,290
196,21
207,458
144,441
248,393
146,180
279,427
252,94
108,451
194,215
261,399
100,21
107,470
283,392
103,348
125,272
218,433
183,125
107,465
204,375
177,128
142,111
245,272
257,83
229,482
104,347
140,480
149,224
284,95
247,215
298,480
192,355
111,470
160,148
156,186
209,349
169,285
283,409
103,351
244,370
186,187.5
230,270
149,463
264,320
147,253
162,449.5
156,381
266,311
164,394
281,439
285,118
191,288
240,347
267,112
242,271.5
243,340
292,268
180,197
152,187.5
167,363
209,296
145,11
169,202
218,468
281,331
132,363
284,274
262,96
111,213
218,329
176,465
160,133
192,364
189,432
168,487
269,465
135,183
215,228
195,125
128,479
249,286
198,83
164,377
200,478
243,472.5
187,340
168,84
106,17.5
132,40.5
164,164
161,50
288,477
114,477
139,45
195,256
172,498
165,22
177,116
292,430
219,43
235,398
266,456.5
120,306
210,30
183,454
244,419
133,458
241,113
268,469
189,435
251,32
298,395
222,190
146,389
150,173
267,18
206,33
192,179
173,242
282,282
128,63
170,390.5
157,171
150,489
145,252
219,118
294,100
123,111
252,409
103,15
125,418
185,367
131,153
123,380
177,199
291,159.5
216,114
149,18
157,10
202,279
140,368
232,241
192,232
237,219
244,84
229,39
174,277
251,24
270,89
297,360
294,93
248,497
261,250
187,210
239,247
260,224
208,425
129,498
202,453
227,358
273,163
229,253
182,305
247,232
223,79
262,375
131,362
182,452
289,210
167,227
248,463
210,19.5
257,429.5
209,174
237,474
221,82
212,435
151,262
202,59
112,251
248,115
184,276
213,379
239,175
133,171
203,161
245,213
116,160
158,332
102,87
173,62
117,204
122,381
115,168
242,90
268,29
150,136
130,76
238,287
151,250
198,205
259,281.5
217,281
161,324
183,389
152,163
270,40
115,105
106,412
298,240
185,336
156,162
216,399.5
190,351
169,348
210,450
156,303
194,231
146,468
161,459
206,40
224,146
231,182
151,131
175,157
285,307
219,252
290,134
187,395
209,177
111,175
147,405
272,286
230,404
207,118
275,269
138,93
184,364
223,450
146,353
150,173
164,95
178,157
171,421
125,326
256,457
135,318
101,88
130,127
140,122
131,248.5
111,26.5
151,64
168,491
247,170
248,468
278,330
139,357
267,210
245,184
249,451
106,173
162,85
270,71
168,216
113,79
288,386
212,400.5
236,308
102,99.5
187,278
144,36
125,349
123,336
170,264
178,420
282,39
272,490
288,493
223,281
105,78
134,142
215,280
265,344
249,172
188,280
204,326
282,41
164,44
202,192
134,284
191,125
171,370
291,272
100,316
227,18
188,104
126,191
158,303
237,391
224,263
204,182
271,326
232,361
296,463
105,16
276,360
290,165
294,456
123,221
247,83
224,171
109,297
221,182
245,349
177,335
224,335
267,224
289,291
236,74
253,377
170,337
177,329
275,39
200,107
110,299
280,106
292,21
141,460
177,441
103,310
299,356.5
220,39
150,178
188,186
203,42
261,363
252,10
287,206
133,59
270,279
198,424.5
109,482
203,285
175,90
156,19.5
228,379
186,409
108,75
156,243
175,72
213,318
149,151
176,345
259,183
288,280
120,392
117,362
268,288
217,224
278,375
176,232
139,70
125,85.5
241,198
169,114
248,252
144,165
168,274
227,499
212,452
186,175
101,101
161,496.5
297,287
276,151
157,404
268,468
283,226.5
223,322
153,491
212,128
157,62
283,268
126,69
174,263
232,250
288,409
250,500
295,479
139,185
126,162
205,11
227,313
286,194
296,89
126,104
284,303
109,402
205,280
256,60
250,102
146,55
270,72
285,470
298,362
245,22
215,104
130,333
253,495
132,490
230,482
190,455
263,473
146,145
220,284
252,293.5
297,34
242,381
163,125
210,287
189,293
293,16
299,252
192,477
298,359
189,493
169,415
193,404.5
292,459
224,73
291,241
215,88
214,197
106,44
163,113
282,219
183,56
234,264
146,250
296,496
263,272
229,87
111,427.5
267,64.5
272,325
179,103
166,250
194,283
104,463
186,113
167,158
248,396
193,173
278,69
216,441
134,339
237,356
220,26
116,76
129,341
251,155.5
139,146
100,96
138,327
133,301
281,124
258,321
262,181
193,445
231,37
147,459
156,443
297,19
126,454
192,205
129,342.5
195,108
254,166
287,91
274,243
129,312
282,335
197,92.5
137,325.5
127,93.5
158,404
202,38
236,26
137,193
145,347
177,340
178,75
298,58
274,209
219,53
197,298
188,402
190,209
176,21
105,363
277,86
144,273
213,478
169,324
122,34
111,287
114,33
161,261
219,441
184,415
275,187
287,281
146,342
263,307
240,242
187,401
109,408
256,238
272,450
111,149.5
285,254
219,48
140,314
148,168
219,482
147,423
236,288
106,484.5
214,320
237,174
234,331
195,423
242,496
232,162
155,280.5
250,455
179,488
175,457
176,419
190,495
217,461.5
122,318
262,469
224,23
188,36
212,102
106,421
183,195
268,184
114,378
190,33
238,360
135,414
183,475
123,449
278,500
219,253
203,295
277,145
159,149
277,59.5
293,195
151,458
253,370
101,54
201,70
113,246
120,46
188,130
202,303
234,110
142,288
208,493
128,463
260,50
131,18
162,121
192,245.5
120,472
299,297
258,319
266,49
124,444.5
170,273
116,21.5
193,495
283,382
235,128
109,464
198,333
276,386
256,283
232,78
215,153
193,40
244,263
153,299
277,269
196,461
147,494
177,243
274,91
159,496
225,451
201,115
252,496
209,438
280,340
273,356
165,354
250,121
157,38
192,237
299,107
137,94
216,412
173,403
225,58
131,485
243,439
290,101
217,192
210,185
237,26
175,458
293,378
143,128
127,269
203,340
270,112
284,178
156,457
298,356
209,201
241,54
151,361.5
213,448
198,164
205,347
297,474
299,244
149,144
215,31
156,380.5
103,416
184,403
125,188
245,16
290,103
152,385
178,26
198,117
159,399
147,20.5
193,478
139,350
152,347
207,117
237,444
203,326
131,400
225,105
149,159
111,365
208,303.5
203,158
185,85
298,409
253,475
283,360
173,55
137,74
126,365
215,429
246,141
164,126
184,446
298,317
223,348
292,152
112,408
260,220
211,403
159,193.5
265,257
223,463
110,264
221,357
268,135
275,404
114,160
119,16
197,72
288,196
115,168
279,228
172,338
161,351.5
235,303
154,80
106,151
252,416.5
211,365
231,405
109,380
261,154
152,59
267,104
168,286
268,334
250,147.5
203,189
279,432
178,444
208,238.5
110,73
219,348
282,229
281,92
119,237
295,23
296,304
233,204
129,81
223,486.5
200,427
212,133
177,489
187,258
187,196
144,191
242,328
165,372
144,270
262,283.5
137,407
155,116
256,220
198,87
150,44
105,350
288,355
100,199
231,186
257,398
171,494
102,444
148,295
245,63
209,14.5
151,34
146,436
200,295
218,282
291,71
265,212
265,285
228,422
291,263
250,81
259,422
160,302
271,475
191,443
141,465
246,335
278,411
196,384
191,453
154,250
117,214
276,306
269,208
149,299
190,352.5
208,412.5
107,426
291,335
164,142
201,448
171,402
226,350
216,152
197,158
124,256.5
174,334
256,38
153,80
227,321
135,139
215,168
183,245
213,54
213,450
274,11
109,444
217,234
130,476
151,470
279,10
236,188
288,462
260,121
123,16
111,464.5
296,305
232,310
104,226
232,167
203,255
104,329
161,70
243,349
229,261.5
198,305
239,485
237,146
175,331
219,190.5
139,442.5
256,497.5
245,88
228,295
234,436
102,25
116,442
294,195
192,438
235,244
133,41
150,400
277,317
274,128
228,317
202,276
224,336
225,358
129,392
135,302
285,313.5
148,356
191,241
270,268.5
165,326
228,286
210,70
291,342
199,293
276,462
221,358
190,106.5
255,486
237,321
146,162
115,147
265,368
167,484
288,269
202,343.5
253,160
263,174
261,252.5
288,352
102,13
280,325
194,427
244,398
213,413
119,179
188,413
210,332
169,411
295,81
288,342
171,310
204,370.5
204,299
267,127
136,404
251,25
233,107
250,323
293,495
140,325
160,223
232,83
235,225
101,191
268,499
215,34
265,238
293,188
199,47.5
110,327
216,489.5
261,86
274,336
250,440
228,79
124,237.5
170,10
236,352
175,88
270,31
159,227
293,62
170,355
126,387
193,20
285,234
118,451
242,103
112,491.5
132,438
143,436
274,351
288,391
105,226.5
201,245
124,44
146,498
295,270
295,394
276,298.5
275,88
292,95
227,187
202,349
256,300
222,230
248,163
146,328
131,343
282,139
138,75
217,34
219,378
117,210
251,232
240,470
264,184
220,187
118,285
221,426
149,496
294,61
250,174
276,302
245,253
168,440
287,193
205,449.5
270,162.5
124,463
121,109
256,64
199,163
161,362
172,17
167,67
283,320
223,245
165,450
223,123
220,125
298,413
176,84.5
291,91
104,489.5
241,485
138,90
137,418
185,292
101,440
288,231
296,174.5
174,106
206,42
183,358.5
134,90
278,202
120,72
144,370
260,55
281,358
114,183
259,136
167,286
254,167
181,190
264,221
222,184
135,480
202,227
291,345
187,266
197,66
108,36
281,204
132,234
223,334
290,136
196,46.5
154,447
277,351
192,181
185,269
266,473
209,363.5
289,179
122,331
137,496
230,177
147,174
257,217
184,250
114,417
205,413.5
124,323
185,320
159,215
278,98
236,402
217,176
126,398
117,90.5
222,193.5
160,153
138,215
177,416
298,201
256,388
190,122
278,469.5
289,282
100,219
193,238
114,358
192,280
283,235
144,190
292,150
180,154.5
201,232
206,376
164,242
163,213
118,63
101,251
138,208
251,285.5
137,244
289,33
246,164
284,424
281,242
283,261
210,173
108,389
126,444
145,463
120,323
104,467.5
180,441
104,129
268,422
151,159
144,341
229,118
219,313.5
174,22
137,171
255,246
221,497
264,87
123,76
166,206
247,451
276,23
233,473
172,433
124,227
285,216
168,306
258,219
132,308
206,288
236,269
200,306
176,443
273,170
268,342
116,209
176,310
119,17
204,194
260,420
233,390
216,84
278,259
215,337
159,26
210,428
165,304
109,333
291,102.5
251,303
293,390
136,419.5
148,462
139,35
237,15
199,171
124,326
116,214
298,378.5
179,472
254,32
120,375
238,133
129,222
124,82
182,341
259,311
150,334
256,33
146,408
255,254.5
246,172
145,421
123,378
231,461
288,54
128,497
266,45
254,478
299,190
297,499
182,32
276,260
117,452
171,313.5
297,468
269,409
256,496
275,76
178,136
282,73
152,161.5
214,482
111,90
248,336
100,348
208,304
178,51
181,134
206,397.5
116,160
215,42
164,26
149,383
185,143
270,159.5
213,429
292,473.5
115,167
231,357
273,109
222,446
126,99
239,392
258,181
206,26
260,372
117,225
106,486
209,322
232,31
126,100
214,443
112,261
281,290
137,155
171,50
139,306
298,255
272,387.5
109,123
158,44
249,449
121,176
118,473
141,402
182,285
130,333
254,420
296,424
211,266
231,149
176,154
119,377
127,349
134,441
292,122
266,229
251,387
257,118
185,356
264,447
256,236
296,62
181,83
298,87
191,182
221,39
255,197
191,474
173,405
176,367
236,465
214,72
285,444
280,452
172,245
119,88
217,430
245,42
114,203
121,415
110,75
140,15
293,114
209,229
270,187
133,244
277,426
290,154
173,208
272,232
173,111
159,252
264,416
248,36
156,37.5
258,46
293,44
126,247
159,418
115,340
284,64
164,203
290,186
275,416
162,291
137,52.5
187,319
228,479
166,163
118,84
223,153
117,426
194,103
140,378
171,49
148,37
149,374
120,174
244,426
261,318
182,64
123,64.5
292,436
104,122
214,391
113,447
285,330
268,404
104,38
222,91
223,394
156,301.5
188,173.5
114,447.5
140,90
201,108
251,85
261,455
116,81
131,371
285,485.5
114,209
243,206
264,96
294,101
120,276
175,401
126,112
280,50
270,208
174,78
179,207
107,443
166,269
138,263
131,29
250,484
137,291
214,69
192,216
173,162
280,203
123,116
214,177
218,255
184,396
192,95
229,154
287,116
217,81
292,288
180,111
284,336
138,302
283,161
219,306
181,194
286,174
202,200
134,428
202,390
239,187.5
253,476
152,17
161,299
294,302
297,334.5
130,412
232,315.5
259,349
250,130
226,71
282,387
241,226
267,221
286,72
206,192
296,76
285,421.5
288,359
141,106
191,77
244,23
139,48
157,205
118,165.5
132,236
255,230.5
123,154.5
224,451
146,236
157,282
101,362
243,161
118,383
171,168
206,153
245,314
200,345
276,427.5
124,123
292,406
293,362
252,266
218,421.5
284,263.5
143,337
136,401
247,75
270,397
232,349
160,273
273,352
268,470
216,53
227,327
199,322
294,155
238,334
110,160
273,351
130,304
140,365
237,343.5
148,469
182,336
227,375
180,374
108,156
248,55
186,457
211,442
129,180
251,169
184,329
270,443
246,365
252,102
152,364
223,473
296,256
244,395
279,428
153,459
238,288
109,326
174,166
190,162
211,133
202,312
266,61
144,453
166,433
204,53
227,24.5
102,386
121,316
257,17
223,42
131,253
163,386
259,309
154,167
265,127
284,116
126,92
233,291
167,332
212,227.5
269,417
259,248
278,367
207,208
268,299
201,313
174,177
225,243
159,131
286,428.5
272,416
207,376
294,368
266,279
221,446
221,113
159,412
195,400
265,118
209,199
175,327
239,299.5
259,142
228,290
240,206
126,159
282,86
113,497
142,458
229,210
174,486
257,312
162,250
290,60
207,194
119,109
178,172
246,122
211,100
214,253
171,482
130,236
261,423
236,399
218,356
213,255
181,347
235,446
236,399
138,221
293,338.5
108,242.5
179,264
153,270
173,267.5
125,345
232,499
111,160
105,474
114,233
167,125
134,377
239,293
259,244
289,419
269,296
137,349
214,264
266,11
232,500
245,159
259,81
278,62
266,386
240,124
271,443
214,20
186,480
270,399.5
256,217
176,209
289,88
173,474
190,139
240,91.5
248,225
265,60
187,471
182,83
279,61
152,194
295,284
168,338
252,147
112,43
106,109
130,234.5
118,243
171,236
131,384
264,142
162,308.5
112,389
250,425
174,153
276,101
136,11
214,237
176,491
152,83
209,383
102,60
104,237
237,158
208,422
276,260
283,320
229,154
178,203
265,194
186,438
266,163
120,352
172,447
251,163
204,448.5
263,281
291,100
195,255
218,155
190,233
221,71
108,373.5
168,114
213,337
213,290
287,96
196,92
148,203.5
132,137
210,410.5
122,221
127,454
103,417
275,162
224,412
194,320.5
261,409
197,236
245,446
224,164
140,345
150,111
178,470
167,26.5
238,99
204,178
145,195
241,412
234,185
213,84
195,216
264,71
112,159
189,156
289,499
179,101
293,175
219,393
287,399
224,481
171,291
267,190
260,371
129,481
250,112
159,186
142,382
294,72
120,189
235,305
126,61
205,115
280,121
239,81
138,379
258,450
258,495
297,81
110,221
163,243.5
131,121
281,196
248,487
234,483
193,426
205,382
184,15
202,284
139,377
166,382
290,420
202,247
124,403
197,456
244,387
269,392
265,20.5
211,292
154,257
186,453
212,359
162,419
125,195
117,421
260,332
168,218
164,417
123,136
102,144.5
132,38
208,295
230,255
156,499.5
183,266
232,455
229,498
295,364
129,425
179,474
160,69
134,162
194,475
176,474
111,282
149,144.5
139,334
279,46
158,413
121,279
142,131
169,16
148,53
138,295
241,54
267,94
242,471
138,389
162,461
179,11
120,363
131,351
109,337.5
271,405
144,410
196,170
158,223
182,481
221,57
180,278
136,473
255,347
142,361
225,17
233,81.5
205,247
263,71
155,462
184,165
165,161
297,295
125,472
183,497
281,175
225,20
156,411
141,263
276,46
268,438
266,47
181,168
199,241
122,308
262,184
240,500.5
147,51
207,127
111,211
119,217
275,233
268,424
219,197.5
111,262
226,167
189,290
294,268
109,256
133,142
137,271
122,281
103,191
265,85.5
197,150.5
216,273
152,139
253,252
236,114
159,233
270,51
211,307
119,292.5
111,374
260,342
271,369.5
127,276
152,65
277,377
214,301
201,24
203,465
124,477
278,135
124,424
256,449
194,57
167,465
193,271
101,402
269,442
234,458
232,473
144,316
257,254
118,30
136,232
169,332
153,400
225,215
252,411
271,395
138,118
249,457
179,163.5
187,27.5
122,128
228,444
215,408
106,262
266,130
134,23.5
192,56
260,172
231,43
124,386
282,256
253,134
219,44
238,176
274,12.5
121,18
208,25
230,238
213,250
171,312.5
226,372
150,345
218,459
242,315
155,397
138,177
193,55
190,62
122,438
215,418
297,191
228,103
171,442
141,272
250,388
298,61.5
117,358
246,433
135,252
267,31
156,238
284,239.5
197,213
173,161
183,270
189,272
124,106
169,366
183,372
201,379
158,265
279,451
138,78
100,500
173,372
264,38
123,474
193,240
107,345
185,304
171,361
133,73
247,354
199,234
152,162
155,309
108,100
144,215
271,357
276,352
192,457
115,303
174,377
169,234
165,94
235,265
188,473
199,314
256,163
277,443
244,224
103,91
230,350
107,198
229,107
227,42
130,421.5
146,352
206,196
173,18
145,240
108,97
270,354.5
147,163.5
295,333
133,340.5
257,367
267,469
181,248
216,479
119,330
223,11
160,449
247,37
131,29
223,469
112,22
121,445
134,10.5
233,21
292,64
104,260
221,410
128,342
265,436
184,422
168,17
160,418
175,80
174,395
224,254
182,462
267,276
112,261
280,123
226,232.5
142,222
124,52
247,442
182,185
296,486.5
163,93
204,155
121,422
137,451
182,315
117,260
295,434
139,153
100,78
239,389
154,37
107,93
292,188
174,193
152,135
276,206
279,493
104,492
239,200
192,293
128,188
193,266
256,113
285,171
137,119
114,438.5
145,135
154,118
114,68
225,323
162,500.5
254,439
164,58
165,387
278,150
121,429
270,194.5
106,497
199,362
205,270
292,358.5
279,478
281,374
271,338
264,117
269,348
128,252
107,200
134,151
233,81
182,264
152,373
146,381
121,126
283,375
207,216
137,103
191,103
160,93
190,56
258,67
113,223
239,331
127,410
246,204
110,229
108,65
260,355
136,267
210,244
228,190
103,14.5
110,439
109,32
137,193
179,344
112,186.5
278,187
236,337
236,228
189,286
137,420
289,124
212,126
177,61
102,29
112,165
259,432
221,123
189,335
218,350
184,17
224,436
172,113
239,392
112,17
282,52
241,294
134,96
296,329
122,398
270,277
249,169
190,177
199,379
117,206
261,446
263,404
179,82
227,442
227,96
180,356
148,218
217,66
256,88
259,315
223,25
135,111
291,221
281,427
233,457
224,322
295,251
224,252.5
239,396
256,364
216,74
263,119
138,390
226,10
221,308
100,488
114,276
261,414
175,403
269,176
123,183.5
146,129
104,259.5
283,440
